LOCATION ACCOUNT #,BUSINESS NAME,DBA NAME,STREET ADDRESS,CITY,ZIP CODE,LOCATION DESCRIPTION,MAILING ADDRESS,MAILING CITY,MAILING ZIP CODE,NAICS,PRIMARY NAICS DESCRIPTION,COUNCIL DISTRICT,LOCATION START DATE,LOCATION END DATE,LOCATION
0000718251-0001-1,KILLER PIZZA ENTERPRISES INC,,11633 SAN VICENTE BLVD #104,LOS ANGELES,90049-6512,11633 SAN VICENTE 90049-6512,11812 SAN VICENTE BLVD #200,LOS ANGELES,90049-6622,722110,Full-service restaurants,11,02/21/1989,,"(34.0539, -118.4631)"
0002454501-0002-4,LA BELLA PIZZA INC,PRONTO PIZZA,14712 PARTHENIA STREET UNIT #A1,PANORAMA CITY,91402-2992,14712 PARTHENIA 91402-2992,681 S BEACH BLVD,LA HABRA,90631-5877,722211,Limited-service eating places,6,04/01/2011,,"(34.228, -118.4537)"
0000016662-0001-9,BEACH PIZZA INC,BEACH PIZZA,8601 LINCOLN BLVD,WESTCHESTER,90045-3554,8601 LINCOLN 90045-3554,,,,722110,Full-service restaurants,11,11/05/1992,,"(33.9597, -118.4193)"
0002375344-0051-9,SOUTHERN CALIFORNIA PIZZA CO LLC,PIZZA HUT 26209,4629 SANTA MONICA BLVD # 2,LOS ANGELES,90029-1803,4629 SANTA MONICA 90029-1803,POST OFFICE BOX #638,NIXA,65714-0638,722211,Limited-service eating places,13,08/25/2009,,"(34.0908, -118.2898)"
0000965686-0001-8,LA PIZZA LOCA INC,LA PIZZA LOCA INC #32,9792 LAUREL CANYON BLVD,PACOIMA,91331-4183,9792 LAUREL CANYON 91331-4183,9550 FIRESTONE BLVD SUITE #105,DOWNEY,90241-5560,722110,Full-service restaurants,7,06/01/1999,,"(34.2477, -118.4204)"
0002477950-0001-7,PEPE'S NY PIZZA INC,,11946 VENTURA BLVD,STUDIO CITY,91604-2606,11946 VENTURA 91604-2606,,,,722110,Full-service restaurants,2,01/07/2010,,"(34.1432, -118.392)"
0000013854-0002-7,LA PIZZA LOCA INC,LA PIZZA LOCA INC #87,7608 VINELAND AVENUE,SUN VALLEY,91352-4535,7608 VINELAND 91352-4535,9550 FIRESTONE BLVD SUITE #105,DOWNEY,90241-5560,722211,Limited-service eating places,2,09/28/2009,,"(34.2086, -118.3703)"
0002375344-0028-4,SOUTHERN CALIFORNIA PIZZA CO LLC,PIZZA HUT 26190,14500 NORDHOFF STREET,PANORAMA CITY,91402-1811,14500 NORDHOFF 91402-1811,POST OFFICE BOX #638,NIXA,65714-0638,722211,Limited-service eating places,6,08/25/2009,,"(34.2354, -118.4481)"
0002375344-0047-1,SOUTHERN CALIFORNIA PIZZA CO LLC,PIZZA HUT 26198,5839 YORK BLVD,HIGHLAND PARK,90042-2634,5839 YORK 90042-2634,POST OFFICE BOX #638,NIXA,65714-0638,722211,Limited-service eating places,14,08/25/2009,,"(34.1185, -118.1916)"
0000063303-0001-7,M & N PIZZA & PASTA INC,AMECI IN & OUT PIZZA & PASTA,19803 VENTURA BLVD,WOODLAND HILLS,91364-2627,19803 VENTURA 91364-2627,,,,722110,Full-service restaurants,3,04/23/1992,,"(34.1724, -118.5638)"
0000814676-0001-0,P & R PIZZA MART INC,2 FOR 1 PIZZA,21608 ROSCOE BLVD,CANOGA PARK,91304-4146,21608 ROSCOE 91304,,,,722110,Full-service restaurants,3,06/15/1996,,"(34.2197, -118.6003)"
0000692835-0001-2,D & L PIZZA INC,DOMINO'S PIZZA,6805 SEPULVEDA BLVD,VAN NUYS,91405-4402,6805 SEPULVEDA 91405-4402,330 6TH STREET SUITE #103,REDLANDS,92374-3312,722110,Full-service restaurants,6,08/04/1988,,"(34.1939, -118.4661)"
0000013764-0001-4,LA PIZZA LOCA INC #36,,252 E MARTIN LUTHER KING JR BLVD,LOS ANGELES,90011-2651,252 MARTIN LUTHER KING JR 90011-2651,9550 FIRESTONE BLVD SUITE #105,DOWNEY,90241-5560,722110,Full-service restaurants,9,02/29/2000,,"(34.0111, -118.2697)"
0002604292-0003-4,PIE SQUARED PIZZA LLC,PIZZA REV,6439 CANOGA AVENUE,WOODLAND HILLS,91367-2408,6439 CANOGA 91367-2408,2535 TOWNSGATE ROAD SUITE #101,THOUSAND OAKS,91361-5967,722110,Full-service restaurants,3,08/08/2012,,"(34.1873, -118.5975)"
0000696130-0001-1,CALIFORNIA PIZZA KITCHEN INC,,11677 SAN VICENTE BLVD #215,LOS ANGELES,90049-5128,11677 SAN VICENTE 90049-5128,12181 W BLUFF CREEK DRIVE FLOOR #5TH,PLAYA VISTA,90094-2627,722110,Full-service restaurants,11,06/23/1988,,"(34.0538, -118.4647)"
0002267573-0001-8,A & O PIZZA INC,BIG MAMA'S & PAPA'S PIZZERIA,14419 SHERMAN WAY,VAN NUYS,91405-2341,14419 SHERMAN 91405-2341,,,,722110,Full-service restaurants,2,08/13/2007,,"(34.2012, -118.4469)"
0002375344-0041-1,SOUTHERN CALIFORNIA PIZZA CO LLC,PIZZA HUT - 26188,22323 SHERMAN WAY,CANOGA PARK,91303-1002,22323 SHERMAN 91303-1002,POST OFFICE BOX #638,NIXA,65714-0638,722211,Limited-service eating places,3,08/25/2009,,"(34.201, -118.6128)"
0002375344-0055-1,SOUTHERN CALIFORNIA PIZZA CO LLC,PIZZA HUT 26230,5212 WHITSETT AVENUE,NORTH HOLLYWOOD,91607-2407,5212 WHITSETT 91607-2407,POST OFFICE BOX #638,NIXA,65714-0638,722211,Limited-service eating places,2,08/25/2009,,"(34.165, -118.4052)"
0002375344-0012-8,SOUTHERN CALIFORNIA PIZZA CO LLC,PIZZA HUT 26149,718 S LOS ANGELES STREET #C,LOS ANGELES,90014-2137,718 LOS ANGELES 90014-2137,POST OFFICE BOX #638,NIXA,65714-0638,722211,Limited-service eating places,14,08/25/2009,,"(34.0428, -118.251)"
0002753474-0001-6,CUTTER'S PIZZA,,19014 VENTURA BLVD,TARZANA,91356-3214,19014 VENTURA 91356-3214,,,,722110,Full-service restaurants,3,01/01/2014,,"(34.1725, -118.5475)"
0002424980-0001-4,BRAVO PIZZA & SUB LLC,,5142 HOLLYWOOD BLVD,LOS ANGELES,90027-6106,5142 HOLLYWOOD 90027-6106,,,,722110,Full-service restaurants,13,01/10/2009,,"(34.1017, -118.3021)"
0002593113-0001-0,DEL REY PIZZA LLC,THE GOOD PIZZA,8115 W MANCHESTER AVENUE,PLAYA DEL REY,90293-8211,8115 MANCHESTER 90293-8211,,,,722110,Full-service restaurants,11,01/12/2012,,"(33.9587, -118.4376)"
0002733069-0001-0,FERNANDAS NY PIZZA INC,FERNANDAS NY PIZZA,10604 VENTURA BLVD,STUDIO CITY,91604-3536,10604 VENTURA 91604-3536,,,,722211,Limited-service eating places,2,06/14/2013,,"(34.1374, -118.3635)"
0002369425-0001-1,LUCIFER PIZZA LLC,LUCIFERS PIZZA,1958 HILLHURST AVENUE,LOS ANGELES,90027-2722,1958 HILLHURST 90027-2722,POST OFFICE BOX #691518,LOS ANGELES,90069-9518,722211,Limited-service eating places,4,06/01/2008,,"(34.1069, -118.2874)"
0000116820-0002-5,"E. M.  PIZZA, INC.",DOMINO'S PIZZA #8173,5524 YORK BLVD,LOS ANGELES,90042-2404,5524 YORK 90042-2404,416 N GLENDALE AVENUE #202,GLENDALE,91206-3327,722110,Full-service restaurants,14,07/17/2006,,"(34.1195, -118.1973)"
0002757682-0001-6,BLAZING STONE PIZZA LLC,BLAZING STONE PIZZA,3501 MONTEREY ROAD,LOS ANGELES,90032-1906,3501 MONTEREY 90032-1906,,,,722110,Full-service restaurants,14,09/20/2014,,"(34.0851, -118.1874)"
0002375344-0008-0,SOUTHERN CALIFORNIA PIZZA CO LLC,PIZZA HUT 27613,4207 BEVERLY BLVD,LOS ANGELES,90004-4415,4207 BEVERLY 90004-4415,POST OFFICE BOX #638,NIXA,65714-0638,722211,Limited-service eating places,10,08/25/2009,,"(34.0762, -118.3005)"
0000116820-0007-6,"E. M.  PIZZA, INC.",DOMINO'S PIZZA #7784,11674 VENTURA BLVD,STUDIO CITY,91604-2613,11674 VENTURA 91604-2613,416 N GLENDALE AVENUE #202,GLENDALE,91206-3327,722211,Limited-service eating places,2,09/01/2011,,"(34.141, -118.3869)"
0002535150-0001-7,TOPANGA PIZZA & CAFE INC,,22994 VENTURA BLVD,WOODLAND HILLS,91364-1205,22994 VENTURA 91364-1205,,,,722110,Full-service restaurants,3,01/01/2011,,"(34.1647, -118.6271)"
0002737409-0001-0,MUSE PIZZA MALL LLC,JOE'S PIZZA CENTURY CITY AND JOE'S PIZZA FASHION SQUARE,10250 SANTA MONICA BLVD UNIT #FC7,LOS ANGELES,90067-6616,10250 SANTA MONICA 90067-6616,1709 WILCOX AVENUE,LOS ANGELES,90028-5103,722110,Full-service restaurants,5,01/01/2013,,"(34.0594, -118.4208)"
0000825597-0001-7,PATTYS PRESTO PIZZA INC,PATTYS PIZZA,13381 BEACH AVENUE,MARINA DEL REY,90292-5621,13381 BEACH 90292-5621,,,,424400,Grocery & related products,11,06/10/1998,,"(33.9917, -118.4434)"
0002375344-0023-3,SOUTHERN CALIFORNIA PIZZA CO LLC,PIZZA HUT 26180,1562 W PICO BLVD #`,LOS ANGELES,90015-2436,1562 PICO 90015-2436,POST OFFICE BOX #638,NIXA,65714-0638,722211,Limited-service eating places,1,08/25/2009,,"(34.0443, -118.2761)"
0000116820-0009-2,"E. M.  PIZZA, INC.",DOMINO'S PIZZA,15245 ROSCOE BLVD,PANORAMA CITY,91402-4401,15245 ROSCOE 91402-4401,416 N GLENDALE AVENUE #202,GLENDALE,91206-3327,722110,Full-service restaurants,6,09/01/2011,,"(34.2214, -118.4644)"
0002375344-0053-5,SOUTHERN CALIFORNIA PIZZA CO LLC,PIZZA HUT,5948 LANKERSHIM BLVD,NORTH HOLLYWOOD,91601-1007,5948 LANKERSHIM 91601-1007,POST OFFICE BOX #638,NIXA,65714-0638,722211,Limited-service eating places,2,08/25/2009,,"(34.1786, -118.3829)"
0002629388-0002-7,MAR PIZZA INC,DOMINO'S PIZZA,5151 W PICO BLVD,LOS ANGELES,90019-4149,5151 PICO 90019-4149,15198 DOWNEY AVENUE,PARAMOUNT,90723-4594,722211,Limited-service eating places,10,07/30/2012,,"(34.048, -118.3504)"
0002561072-0001-5,BEST NEW YORK PIZZA INC,,6400 HOLLYWOOD BLVD,LOS ANGELES,90028-6204,6400 HOLLYWOOD 90028-6204,,,,722211,Limited-service eating places,13,04/01/2011,,"(34.1016, -118.3295)"
0000532043-0001-8,PRIMA PIZZA INC,DOMINO PIZZA,2193 WHITTIER BLVD,LOS ANGELES,90023-1250,2193 WHITTIER 90023-1250,5314 PAYLOR LANE,LAKEWOOD RANCH,34240-2202,722211,Limited-service eating places,14,09/09/1986,,"(34.0358, -118.2189)"
0000161086-0001-6,T M PIZZA INC,DOMINOS PIZZA,2101 W CENTURY BLVD,LOS ANGELES,90047-4007,2101 CENTURY 90047-4007,15198 DOWNEY AVENUE,PARAMOUNT,90723-4594,722110,Full-service restaurants,0,02/16/1995,,"(33.9454, -118.316)"
0002757215-0001-1,TU PANYOU PIZZA #2 CORP,,3525 W 3RD STREET UNIT #4,LOS ANGELES,90020-2027,3525 3RD 90020-2027,,,,722300,Special food services (including food service contractors & caterers),10,04/10/2014,,"(34.069, -118.2924)"
0000116820-0003-3,"E. M.  PIZZA, INC.",DOMINO'S PIZZA STORE #8289,3502 W SUNSET BLVD,LOS ANGELES,90026-2106,3502 SUNSET 90026-2106,416 N GLENDALE AVENUE #A,GLENDALE,91206-3326,722110,Full-service restaurants,13,08/12/2003,,"(34.0887, -118.2764)"
0000291355-0001-0,MNM PIZZA LLC,DOMINOS PIZZA 7889,4467 VAN NUYS BLVD,SHERMAN OAKS,91403-2911,4467 VAN NUYS 91403-2911,5737 KANAN ROAD #439,AGOURA HILLS,91301-1601,722110,Full-service restaurants,4,11/22/1995,,"(34.1526, -118.4486)"
0002549700-0001-3,DOWNTOWN PIZZA LLC,PIZZERIA URBANO,630 W 6TH STREET SUITE #116BC,LOS ANGELES,90017-3254,630 6TH 90017-3254,,,,722300,Special food services (including food service contractors & caterers),9,03/01/2011,,"(34.0493, -118.256)"
0002375344-0029-2,SOUTHERN CALIFORNIA PIZZA CO LLC,PIZZA HUT 26194,19417 3/4 VICTORY BLVD,RESEDA,91335-6611,19417 VICTORY 91335-6611,POST OFFICE BOX #638,NIXA,65714-0638,722211,Limited-service eating places,3,08/25/2009,,"(34.1865, -118.5563)"
0000896302-0001-7,CALIFORNIA PIZZA KITCHEN INC,,16101 VENTURA BLVD,ENCINO,91436-2500,16101 VENTURA 91436-2500,12181 W BLUFF CREEK DRIVE FLOOR #5TH,PLAYA VISTA,90094-2627,722110,Full-service restaurants,5,04/01/1992,,"(34.1563, -118.4836)"
0002375344-0015-2,SOUTHERN CALIFORNIA PIZZA CO LLC,PIZZA HUT 26158,4356 LEIMERT BLVD,LOS ANGELES,90008-5202,4356 LEIMERT 90008-5202,POST OFFICE BOX #638,NIXA,65714-0638,722211,Limited-service eating places,10,08/25/2009,,"(34.0048, -118.33)"
0002375344-0050-1,SOUTHERN CALIFORNIA PIZZA CO LLC,PIZZA HUT 26205,5130 HUNTINGTON DRIVE S,LOS ANGELES,90032-1703,5130 HUNTINGTON 90032-1703,POST OFFICE BOX #638,NIXA,65714-0638,722211,Limited-service eating places,14,08/25/2009,,"(34.089, -118.1712)"
0002375344-0082-9,SOUTHERN CALIFORNIA PIZZA CO LLC,,1780 S LA CIENEGA BLVD,LOS ANGELES,90035-4602,1780 LA CIENEGA 90035-4602,POST OFFICE BOX #638,NIXA,65714-0638,722110,Full-service restaurants,10,07/31/2012,,"(34.0449, -118.3767)"
0002469406-0001-3,ULTIMO PIZZA INC,,808 E WINDSOR ROAD UNIT #6,GLENDALE,91205-2441,808 WINDSOR 91205-2441,,,,722110,Full-service restaurants,0,10/01/2009,,"(34.1371, -118.2451)"
0002629388-0001-9,MAR PIZZA INC,DOMINO'S PIZZA,2815 S ROBERTSON BLVD,LOS ANGELES,90034-2405,2815 ROBERTSON 90034-2405,15198 DOWNEY AVENUE,PARAMOUNT,90723-4594,722211,Limited-service eating places,10,07/30/2012,,"(34.0363, -118.3889)"
0002706342-0001-8,JC'S FAMOUS PIZZA,,14059 VICTORY BLVD,VAN NUYS,91401-2225,14059 VICTORY 91401-2225,,,,722110,Full-service restaurants,2,01/01/2005,,"(34.1866, -118.4393)"
0002375344-0018-7,SOUTHERN CALIFORNIA PIZZA CO LLC,PIZZA HUT 26166,4351 S CENTRAL AVENUE,LOS ANGELES,90011-3526,4351 CENTRAL 90011-3526,POST OFFICE BOX #638,NIXA,65714-0638,722211,Limited-service eating places,9,08/25/2009,,"(34.0048, -118.2564)"
0000619071-0001-3,LA PIZZA LOCA INC,LA PIZZA LOCA INC #7,2924 E CESAR E CHAVEZ AVENUE UNIT #7,LOS ANGELES,90033-3110,2924 CESAR E CHAVEZ 90033-3110,9550 FIRESTONE BLVD SUITE #105,DOWNEY,90241-5560,722110,Full-service restaurants,14,11/01/1987,,"(34.0439, -118.2013)"
0002098725-0001-1,LENZINI'S 2-4-1 PIZZA,,3500 OVERLAND AVENUE UNIT #120,LOS ANGELES,90034-5564,3500 OVERLAND 90034-5564,,,,,,5,01/02/2006,,"(34.0247, -118.4116)"
0002375344-0049-7,SOUTHERN CALIFORNIA PIZZA CO LLC,PIZZA HUT 26202,12447 VICTORY BLVD,NORTH HOLLYWOOD,91606-3139,12447 VICTORY 91606-3139,POST OFFICE BOX #638,NIXA,65714-0638,722211,Limited-service eating places,2,08/25/2009,,"(34.1866, -118.4044)"
0002218097-0001-8,"MR PIZZA WESTERN, INC",,3881 WILSHIRE BLVD UNIT #B,LOS ANGELES,90010-3202,3881 WILSHIRE 90010-3202,,,,,,10,12/15/2006,,"(34.0617, -118.3113)"
0002752696-0001-1,TU PANYOU PIZZA #1 CORP,,3129 W 8TH STREET,LOS ANGELES,90005-1902,3129 8TH 90005-1902,,,,722300,Special food services (including food service contractors & caterers),10,04/10/2014,,"(34.0577, -118.2952)"
0002677722-0001-0,LA CIENEGA PIZZA COMPANY INC,PAMORE PIZZA,3340 S LA CIENEGA BLVD,LOS ANGELES,90016-3115,3340 LA CIENEGA 90016-3115,4140 WORKMAN MILL ROAD UNIT #9,WHITTIER,90601-4801,722110,Full-service restaurants,10,04/01/2013,,"(34.0272, -118.372)"
0002073744-0001-4,CALIFORNIA PIZZA KITCHEN INC,CALIFORNIA PIZZA KITCHEN,9301 TAMPA AVENUE SUITE #129,NORTHRIDGE,91324-2504,9301 TAMPA 91324-2504,12181 W BLUFF CREEK DRIVE FLOOR #5TH,PLAYA VISTA,90094-2627,722110,Full-service restaurants,12,01/11/2006,,"(34.2391, -118.5535)"
0002375344-0030-6,SOUTHERN CALIFORNIA PIZZA CO LLC,PIZZA HUT 26195,17630 VANOWEN STREET,VAN NUYS,91406-4315,17630 VANOWEN 91406-4315,POST OFFICE BOX #638,NIXA,65714-0638,722211,Limited-service eating places,6,08/25/2009,,"(34.1938, -118.5174)"
0002375344-0003-9,SOUTHERN CALIFORNIA PIZZA CO LLC,PIZZA HUT 024933,909 W PACIFIC COAST HIGHWAY,WILMINGTON,90744-2551,909 PACIFIC COAST 90744-2551,POST OFFICE BOX #638,NIXA,65714-0638,722211,Limited-service eating places,15,09/02/2008,,"(33.7905, -118.274)"
0000105435-0001-7,T & J PIZZA INC,DOMINOS PIZZA,270 S RAMPART BLVD,LOS ANGELES,90057-1404,270 RAMPART 90057-1404,270 S RAMPART BLVD,LOS ANGELES,90057-1404,722110,Full-service restaurants,13,05/14/1991,,"(34.0668, -118.2784)"
0002626960-0001-2,PIZZA BROTHERS INC,D'AMORES PIZZA,7137 WINNETKA AVENUE,WINNETKA,91306-3646,7137 WINNETKA 91306-3646,,,,722110,Full-service restaurants,3,07/20/2012,,"(34.1998, -118.5709)"
0000735335-0001-1,CALIFORNIA PIZZA KITCHEN INC,,330 S HOPE STREET,LOS ANGELES,90071-3115,330 HOPE 90071-3115,12181 W BLUFF CREEK DRIVE FLOOR #5TH,PLAYA VISTA,90094-2627,722110,Full-service restaurants,14,07/24/1989,,"(34.0531, -118.2528)"
0002492790-0001-1,OAK FIRE PIZZA COMPANY SO INC,OAKFIRE,13359 VENTURA BLVD,SHERMAN OAKS,91423-3912,13359 VENTURA 91423-3912,5830 FOOTHILL DRIVE,LOS ANGELES,90068-3613,722110,Full-service restaurants,4,03/01/2011,,"(34.1468, -118.4241)"
0002375344-0014-4,SOUTHERN CALIFORNIA PIZZA CO LLC,PIZZA HUT 26154,5101 VENICE BLVD,LOS ANGELES,90019-5230,5101 VENICE 90019-5230,POST OFFICE BOX #638,NIXA,65714-0638,722211,Limited-service eating places,10,08/25/2009,,"(34.0452, -118.3503)"
0002664632-0002-5,I-PIZZA TUMBY'S INC,,3329 HYDE PARK BLVD,LOS ANGELES,90043-4106,3329 HYDE PARK 90043-4106,1800 W 39TH STREET,LOS ANGELES,90062-1020,722110,Full-service restaurants,8,07/01/2013,,"(33.9806, -118.3297)"
0000868474-0001-5,DB & M PIZZA WORLD INC,PIZZA WORLD,365 S FAIRFAX AVENUE,LOS ANGELES,90036-3124,365 FAIRFAX 90036-3124,,,,722110,Full-service restaurants,4,07/26/1991,,"(34.0702, -118.3614)"
0000116820-0008-4,"E. M.  PIZZA, INC.",DOMINO'S PIZZA #8122,8126 SUNLAND BLVD,SUN VALLEY,91352-3948,8126 SUNLAND 91352-3948,416 N GLENDALE AVENUE #202,GLENDALE,91206-3327,722110,Full-service restaurants,6,09/01/2011,,"(34.2181, -118.3698)"
0002375344-0066-7,SOUTHERN CALIFORNIA PIZZA CO LLC,PIZZA HUT - 26160,3400 E 1ST STREET,LOS ANGELES,90063-2914,3400 1ST 90063-2914,POST OFFICE BOX #638,NIXA,65714-0638,722211,Limited-service eating places,14,09/15/2009,,"(34.0371, -118.195)"
0000039329-0001-6,CHI CHIS PIZZA INC,LIDO PIZZA,15232 VICTORY BLVD,VAN NUYS,91411-1717,15232 VICTORY 91411-1717,9205 ALABAMA AVENUE #A,CHATSWORTH,91311-5859,722110,Full-service restaurants,6,01/01/1991,,"(34.1866, -118.4651)"
0000963237-0001-7,JC'S FAMOUS PIZZA INC,FAMOUS PIZZA,6756 TAMPA AVENUE,RESEDA,91335-5014,6756 TAMPA 91335-5014,,,,722110,Full-service restaurants,3,11/01/1998,,"(34.1932, -118.5535)"
0000797282-0001-0,M S PIZZA INC,DOMINOS PIZZA,5401 S FIGUEROA STREET #8,LOS ANGELES,90037-3760,5401 FIGUEROA 90037-3760,15198 DOWNEY AVENUE,PARAMOUNT,90723-4594,722110,Full-service restaurants,9,07/19/1990,,"(33.9932, -118.2826)"
0002375344-0048-9,SOUTHERN CALIFORNIA PIZZA CO LLC,PIZZA HUT 26200,4329 N FIGUEROA STREET,LOS ANGELES,90065-3013,4329 FIGUEROA 90065-3013,POST OFFICE BOX #638,NIXA,65714-0638,722211,Limited-service eating places,1,08/25/2009,,"(34.0949, -118.2081)"
0002375344-0043-8,SOUTHERN CALIFORNIA PIZZA CO LLC,PIZZA HUT 26152,1851 W SLAUSON AVENUE,LOS ANGELES,90047-1128,1851 SLAUSON 90047-1128,POST OFFICE BOX #638,NIXA,65714-0638,722211,Limited-service eating places,8,08/25/2009,,"(33.9891, -118.3108)"
0002604292-0005-1,PIE SQUARED PIZZA LLC,,4550 W PICO BLVD SUITE #C1-302,LOS ANGELES,90019-4232,4550 PICO 90019-4232,2535 TOWNSGATE ROAD SUITE #101,WESTLAKE VILLAGE,91361-5967,722211,Limited-service eating places,10,03/01/2014,,"(34.0487, -118.3357)"
0000116820-0001-7,"E. M.  PIZZA, INC.",DOMINO'S PIZZA,4815 VALLEY BLVD #H,LOS ANGELES,90032-3300,4815 VALLEY 90032-3300,416 N GLENDALE AVENUE UNIT #202,GLENDALE,91206-3327,722110,Full-service restaurants,14,04/04/1994,,"(34.066, -118.18)"
0002375344-0031-4,SOUTHERN CALIFORNIA PIZZA CO LLC,PIZZA HUT 26203,23717 VICTORY BLVD,WEST HILLS,91307-3152,23717 VICTORY 91307-3152,POST OFFICE BOX #638,NIXA,65714-0638,722211,Limited-service eating places,3,08/25/2009,,"(34.1866, -118.643)"
0000687930-0001-8,MS & R PIZZA INC,DOMINOS PIZZA,1740 S HOOVER STREET #D,LOS ANGELES,90006-4912,1740 HOOVER 90006-4912,15198 DOWNEY AVENUE,PARAMOUNT,90723-4594,311800,Bakeries & tortilla mfg.,1,11/20/1988,,"(34.0425, -118.2841)"
0002375344-0024-1,SOUTHERN CALIFORNIA PIZZA CO LLC,PIZZA HUT 26183,6312 W 89TH STREET,LOS ANGELES,90045-3602,6312 89TH 90045-3602,POST OFFICE BOX #638,NIXA,65714-0638,722211,Limited-service eating places,11,08/25/2009,,"(33.9559, -118.3964)"
0002294851-0001-3,PURGATORY PIZZA LLC,PURGATORY PIZZA,1326 E 1ST STREET,LOS ANGELES,90033-3218,1326 1ST 90033-3218,,,,722110,Full-service restaurants,14,11/28/2007,,"(34.0475, -118.2263)"
0000116820-0011-4,"E. M.  PIZZA, INC.",DOMINO'S PIZZA #7804,902 N LA CIENEGA BLVD,LOS ANGELES,90069-4710,902 LA CIENEGA 90069-4710,416 N GLENDALE AVENUE SUITE #202,GLENDALE,91206-3327,722110,Full-service restaurants,5,07/30/2012,,"(34.0871, -118.3764)"
0002375344-0002-1,SOUTHERN CALIFORNIA PIZZA CO LLC,PIZZA HUT 024932,650 S GAFFEY STREET,SAN PEDRO,90731-3027,650 GAFFEY 90731-3027,POST OFFICE BOX #638,NIXA,65714-0638,722211,Limited-service eating places,15,08/19/2008,,"(33.7381, -118.2923)"
0002375344-0034-9,SOUTHERN CALIFORNIA PIZZA CO LLC,PIZZA HUT 26219,14900 BURBANK BLVD,SHERMAN OAKS,91411-3667,14900 BURBANK 91411-3667,POST OFFICE BOX #638,NIXA,65714-0638,722211,Limited-service eating places,4,08/25/2009,,"(34.1721, -118.4574)"
0000552798-0001-9,D & L PIZZA INC,DOMINO'S PIZZA,8401 VAN NUYS BLVD #74,PANORAMA CITY,91402-3375,8401 VAN NUYS 91402-3375,330 6TH STREET SUITE #103,REDLANDS,92374-3312,722110,Full-service restaurants,6,05/01/1985,,"(34.2237, -118.4488)"
0000643866-0001-3,FRATELLIS PIZZA INC,FRATELLIS PIZZA,20929 VENTURA BLVD SUITE #11,WOODLAND HILLS,91364-0801,20929 VENTURA 91364-0801,,,,722110,Full-service restaurants,3,04/11/1988,,"(34.1664, -118.5889)"
0002670307-0001-1,FIREWORKS PIZZA COMPANY INC,,1905 LINCOLN BLVD,VENICE,90291-3909,1905 LINCOLN 90291-3909,23801 CALABASAS ROAD #2026,CALABASAS,91302-1664,452000,General merchandise stores,11,01/01/2012,,"(33.9959, -118.4567)"
0002604292-0004-2,PIE SQUARED PIZZA LLC,PIZZA REV,5608 VAN NUYS BLVD,VAN NUYS,91401-4602,5608 VAN NUYS 91401-4602,2535 TOWNSGATE ROAD SUITE #101,WESTLAKE VILLAGE,91361-5967,722110,Full-service restaurants,4,02/01/2014,,"(34.1723, -118.4486)"
0002677722-0002-8,LA CIENEGA PIZZA COMPANY INC,PAMORE PIZZA,2190 W WASHINGTON BLVD UNIT #E,LOS ANGELES,90018-1534,2190 WASHINGTON 90018-1534,4140 WORKMAN MILL ROAD APARTMENT #9,WHITTIER,90601-4801,311900,"Other food mfg. (including coffee, tea, flavoring, & seasonings)",10,04/01/2013,,"(34.0399, -118.3087)"
0002375344-0038-1,SOUTHERN CALIFORNIA PIZZA CO LLC,PIZZA HUT - 26218,2930 COLORADO BLVD,LOS ANGELES,90041-1012,2930 COLORADO 90041-1012,POST OFFICE BOX #638,NIXA,65714-0638,722110,Full-service restaurants,14,08/25/2009,,"(34.1427, -118.2284)"
0000075208-0001-2,RAFFALLO'S PIZZA LA BREA CORP,RAFFALLO'S PIZZA,1657 N LA BREA AVENUE,LOS ANGELES,90028-6901,1657 LA BREA 90028-6901,,,,722110,Full-service restaurants,13,06/16/1993,,"(34.1012, -118.345)"
0000116820-0006-8,"E. M.  PIZZA, INC.",DOMINO'S PIZZA #7743,1759 COLORADO BLVD,LOS ANGELES,90041-1348,1759 COLORADO 90041-1348,416 N GLENDALE AVENUE #202,GLENDALE,91206-3327,722211,Limited-service eating places,14,07/17/2006,,"(34.1394, -118.206)"
0000739852-0002-2,COMBO'S PIZZA INC,COMBOS NEW YORK STYLE PIZZA,6760 HOLLYWOOD BLVD,LOS ANGELES,90028-4622,6760 HOLLYWOOD 90028-4622,,,,722110,Full-service restaurants,13,01/01/2010,,"(34.1015, -118.3379)"
0000301598-0001-2,FIREWORKS PIZZA LLC,,108 W 2ND STREET #105,LOS ANGELES,90012-1585,108 2ND 90012-1585,1905 LINCOLN BLVD,VENICE,90291-3909,722110,Full-service restaurants,14,07/01/2004,,"(34.0511, -118.2447)"
0000441650-0001-1,PIZZA MAYVEN INC,,140 N LA BREA AVENUE,LOS ANGELES,90036-2912,140 LA BREA 90036-2912,,,,,,5,03/21/1983,,"(34.0746, -118.344)"
0000551730-0001-3,CALIFORNIA PIZZA KITCHEN INC,,6600 TOPANGA CANYON BLVD SUITE #1082D,CANOGA PARK,91303-2681,6600 TOPANGA CANYON 91303-2681,12181 W BLUFF CREEK DRIVE FLOOR #5TH,PLAYA VISTA,90094-2627,722110,Full-service restaurants,3,12/08/1986,,"(34.1898, -118.6058)"
0000964378-0001-1,LC PIZZA INC,,2602 N MAIN STREET,LOS ANGELES,90031-3319,2602 MAIN 90031-3319,,,,722110,Full-service restaurants,1,08/19/2004,,"(34.0659, -118.2142)"
0002344686-0001-4,OLD SICILY PIZZARIA INC,,12061 STRATHERN STREET,NORTH HOLLYWOOD,91605-1415,12061 STRATHERN 91605-1415,,,,722300,Special food services (including food service contractors & caterers),6,01/01/2008,,"(34.2157, -118.3957)"
0002596949-0001-5,PAPI S PIZZA COMPANY LLC,PAPPI S PIZZERIA,109 E 8TH STREET,LOS ANGELES,90014-3305,109 8TH 90014-3305,,,,722110,Full-service restaurants,14,01/27/2012,,"(34.0427, -118.253)"
0002375344-0017-9,SOUTHERN CALIFORNIA PIZZA CO LLC,PIZZA HUT 26165,7229 S FIGUEROA STREET,LOS ANGELES,90003-1720,7229 FIGUEROA 90003-1720,POST OFFICE BOX #638,NIXA,65714-0638,722211,Limited-service eating places,8,08/25/2009,,"(33.9742, -118.2826)"
0002679098-0001-0,KOKO N PIZZA INC,KOKO N PIZZA INC,3377 WILSHIRE BLVD SUITE #110,LOS ANGELES,90010-1851,3377 WILSHIRE 90010-1851,,,,445290,Home furnishings stores,10,01/16/2013,,"(34.0617, -118.2972)"
0002766655-0001-8,PIZZA MOUNTAIN PRODUCTIONS LLC,,2368 N ALVARADO STREET,LOS ANGELES,90039-3730,2368 ALVARADO 90039,2368 N ALVARADO STREET,LOS ANGELES,90039-3730,,,13,03/30/2014,,"(34.0959, -118.2522)"
0002375344-0052-7,SOUTHERN CALIFORNIA PIZZA CO LLC,PIZZA HUT,15650 NORDHOFF STREET UNIT #101,NORTH HILLS,91343-3281,15650 NORDHOFF 91343-3281,POST OFFICE BOX #638,NIXA,65714-0638,722211,Limited-service eating places,12,08/25/2009,,"(34.2355, -118.4735)"
0000116820-0005-0,"E. M.  PIZZA, INC.",DOMINO'S PIZZA #8458,520 W AVENUE 26 #B,LOS ANGELES,90065-1016,520 AVENUE 26 90065-1016,416 N GLENDALE AVENUE #202,GLENDALE,91206-3327,722211,Limited-service eating places,1,07/17/2006,,"(34.084, -118.2226)"
0002745519-0001-3,"TOWN PIZZA, BEER & WINE",TOWN,5101 YORK BLVD,LOS ANGELES,90042-1715,5101 YORK 90042-1715,5101 YORK BLVD,LOS ANGELES,90042-1715,722110,Full-service restaurants,14,04/10/2014,,"(34.121, -118.2047)"
0000380400-0001-9,LA PIZZA LLC,LA PIZZA,12515 BURBANK BLVD,N HOLLYWOOD,91607-1503,12515 BURBANK 91607-1503,6542 N CHRISTIANA AVENUE,LINCOLNWOOD,60712-3812,722110,Full-service restaurants,2,01/01/1984,,"(34.1721, -118.4055)"
0002375344-0022-5,SOUTHERN CALIFORNIA PIZZA CO LLC,PIZZA HUT 26179,2542 W TEMPLE STREET,LOS ANGELES,90026-4848,2542 TEMPLE 90026-4848,POST OFFICE BOX #638,NIXA,65714-0638,722211,Limited-service eating places,13,08/25/2009,,"(34.0722, -118.274)"
0002531169-0001-2,MOST VALUABLE PIZZA LLC,,525 S GAFFEY STREET,SAN PEDRO,90731-2437,525 GAFFEY 90731-2437,,,,722110,Full-service restaurants,15,12/01/2010,,"(33.7394, -118.2923)"
0002368241-0001-6,LOS ANGELES PIZZA COMPANY,,712 N FIGUEROA STREET,LOS ANGELES,90012-2136,712 FIGUEROA 90012-2136,1498 W SUNSET BLVD SUITE #2,LOS ANGELES,90026-3471,722211,Limited-service eating places,1,03/23/2007,,"(34.0635, -118.2457)"
0000532043-0002-6,PRIMA PIZZA INC,DOMINO PIZZA,740 S OLIVE STREET #102,LOS ANGELES,90014-2616,740 OLIVE 90014-2616,5314 PAYLOR LANE,LAKEWOOD RANCH,34240-2202,722110,Full-service restaurants,14,01/23/1989,,"(34.046, -118.256)"
0000369721-0001-8,SANTINO'S PIZZA INC,SANTINO'S NY PIZZA,4319 WOODMAN AVENUE,SHERMAN OAKS,91423-3030,4319 WOODMAN 91423-3030,20273 LORENZANA DRIVE,WOODLAND HILLS,91364-3527,722110,Full-service restaurants,4,08/27/1996,,"(34.1489, -118.4312)"
0002328563-0001-1,DOMINO'S PIZZA DISTRIBUTION LLC,,301 S ROCKEFELLER AVENUE,ONTARIO,91761-7865,301 ROCKEFELLER 91761-7865,POST OFFICE BOX #485,ANN ARBOR,48106-0485,425120,Wholesale trade agents & brokers,0,04/16/2007,,"(34.0612, -117.5545)"
0000116820-0013-1,"E. M.  PIZZA, INC.",DOMINO'S PIZZA #8244,7125 BEVERLY BLVD,LOS ANGELES,90036-2538,7125 BEVERLY 90036-2538,416 N GLENDALE AVENUE,GLENDALE,91206-3326,722110,Full-service restaurants,5,07/30/2012,,"(34.0761, -118.3447)"
0000381426-0001-1,CASA BIANCA PIZZA PIE INC,CASA BIANCA PIZZA PIE,1650 COLORADO BLVD,LOS ANGELES,90041-1436,1650 COLORADO 90041-1436,,,,722110,Full-service restaurants,14,02/01/1955,,"(34.1393, -118.2026)"
0002604292-0001-8,PIE SQUARED PIZZA LLC,PIZZA REV,9420 RESEDA BLVD #4,NORTHRIDGE,91324-6002,9420 RESEDA 91324-6002,2535 TOWNSGATE ROAD SUITE #101,WESTLAKE VILLAGE,91361-5967,722110,Full-service restaurants,12,03/07/2012,,"(34.2413, -118.536)"
0002443293-0001-0,VERACE PIZZA NAPOLETANA AMERICAS LLC,,4040 DEL REY AVENUE,MARINA DEL REY,90292-5644,4040 DEL REY 90292-5644,,,,,,11,03/08/2005,,"(33.9899, -118.4464)"
0002348180-0001-5,A & A PIZZA INC,DOMINO'S PIZZA #8168,10652 RIVERSIDE DRIVE,NORTH HOLLYWOOD,91602-2319,10652 RIVERSIDE 91602-2319,,,,722300,Special food services (including food service contractors & caterers),4,06/03/2008,,"(34.1522, -118.3631)"
0002708836-0001-8,GABY'S PIZZA NO 2 CORP,,3305 W 8TH STREET,LOS ANGELES,90005-2433,3305 8TH 90005-2433,,,,722211,Limited-service eating places,10,04/22/2013,,"(34.0577, -118.2999)"
0002720789-0001-6,"NAPOLI KOSHER PIZZA, LLC",,12417 BURBANK BLVD UNIT #A,VALLEY VILLAGE,91607-1616,12417 BURBANK 91607-1616,12243 COLLINS STREET,VALLEY VILLAGE,91607-1769,722110,Full-service restaurants,2,01/06/2014,,"(34.1721, -118.4034)"
0002289724-0001-8,"TOMATO PIE PIZZA JOINT SILVER LAKE, INC.",TOMATO PIE,2457 HYPERION AVENUE,LOS ANGELES,90027-4755,2457 HYPERION 90027-4755,,,,722110,Full-service restaurants,4,01/02/2008,,"(34.1038, -118.2733)"
0000992459-0001-1,CALIFORNIA PIZZA KITCHEN INC,CALIFORNIA PIZZA KITCHEN,6801 HOLLYWOOD BLVD #2D255,LOS ANGELES,90028-6136,6801 HOLLYWOOD 90028-6136,12181 W BLUFF CREEK DRIVE FLOOR #5TH,PLAYA VISTA,90094-2627,722110,Full-service restaurants,13,11/08/2001,,"(34.1015, -118.3401)"
0002375344-0037-3,SOUTHERN CALIFORNIA PIZZA CO LLC,PIZZA HUT 26199,2724 HYPERION AVENUE,LOS ANGELES,90027-3002,2724 HYPERION 90027-3002,POST OFFICE BOX #638,NIXA,65714-0638,722211,Limited-service eating places,4,08/25/2009,,"(34.107, -118.2722)"
0002677694-0001-6,LUZZIA PIZZA COMPANY INC,PRONTO PIZZA,608 E MANCHESTER AVENUE FRONT #608,LOS ANGELES,90001-3631,608 MANCHESTER 90001,,,,,,9,05/15/2013,,"(33.96, -118.2638)"
0000789129-0001-0,VENICE BEACH PIZZA CORP,VENICE PIZZA,821 OCEAN FRONT WALKS,VENICE,90291-3213,821 OCEAN FRONT 90291-3213,,,,722110,Full-service restaurants,11,02/18/1992,,"(33.9911, -118.4773)"
0000739852-0001-4,COMBO'S PIZZA INC,COMBOS NEW YORK STYLE PIZZA,6338 HOLLYWOOD BLVD,LOS ANGELES,90028-6303,6338 HOLLYWOOD 90028-6303,,,,722110,Full-service restaurants,13,01/01/1989,,"(34.1016, -118.328)"
0000428658-0001-5,TOWER OF PIZZA INC,TOWER PIZZA,8351 LINCOLN BLVD,LOS ANGELES,90045-2413,8351 LINCOLN 90045-2413,,,,453990,"All other miscellaneous store retailers (including tobacco, candle, & trophy shops)",11,03/01/1986,,"(33.9615, -118.4207)"
0000748441-0001-2,CALIFORNIA PIZZA KITCHEN INC,,12265 VENTURA BLVD #201,STUDIO CITY,91604-2528,12265 VENTURA 91604-2528,12181 W BLUFF CREEK DRIVE FLOOR #5TH,PLAYA VISTA,90094-2627,722110,Full-service restaurants,2,07/25/1990,,"(34.1431, -118.3998)"
0000961783-0001-3,CALIFORNIA PIZZA KITCHEN INC,CALIFORNIA PIZZA KITCHEN,735 S FIGUEROA STREET #305,LOS ANGELES,90017-2563,735 FIGUEROA 90017-2563,12181 W BLUFF CREEK DRIVE FLOOR #5TH,PLAYA VISTA,90094-2627,722110,Full-service restaurants,14,05/24/1999,,"(34.0488, -118.2603)"
0000530848-0001-1,RICKARDO PIZZANO,RICKO BAR FURNITURE MANUFACTURING,2202 CENTER STREET,HUNTINGTON PARK,90255-6605,2202 CENTER 90255,,,,442110,Furniture stores,0,03/15/2001,,"(33.9658, -118.2324)"
0002763919-0001-4,PIZZA & CO LLC,,6033 DAUPHIN STREET,LOS ANGELES,90034-2205,6033 DAUPHIN 90034-2205,,,,722300,Special food services (including food service contractors & caterers),10,07/22/2014,,"(34.0349, -118.3749)"
0002375344-0054-3,SOUTHERN CALIFORNIA PIZZA CO LLC,PIZZA HUT 26228,6660 W SUNSET BLVD,HOLLYWOOD,90028-7178,6660 SUNSET 90028-7178,POST OFFICE BOX #638,NIXA,65714-0638,722211,Limited-service eating places,13,08/25/2009,,"(34.0979, -118.3352)"
0002629388-0003-5,MAR PIZZA INC,DOMINO'S PIZZA,2803 S FIGUEROA STREET,LOS ANGELES,90007-3258,2803 FIGUEROA 90007-3258,15198 DOWNEY AVENUE,PARAMOUNT,90723-4594,722211,Limited-service eating places,9,07/30/2012,,"(34.026, -118.2773)"
0000268696-0001-5,CALIFORNIA PIZZA KITCHEN INC,CALIFORNIA PIZZA KITCHEN,18800 VENTURA BLVD,TARZANA,91356-3305,18800 VENTURA 91356-3305,12181 W BLUFF CREEK DRIVE FLOOR #5TH,PLAYA VISTA,90094-2627,722110,Full-service restaurants,3,08/24/1995,,"(34.1715, -118.5428)"
0002451975-0001-1,PIZZA PASTA SALAD RESTAURANT INC,,1356 S LA BREA AVENUE,LOS ANGELES,90019-2915,1356 LA BREA 90019-2915,,,,722110,Full-service restaurants,10,07/13/2009,,"(34.0483, -118.3444)"
0002498832-0001-1,PIZZANISTA LLC,,2019 E 7TH STREET,LOS ANGELES,90021-1301,2019 7TH 90021-1301,,,,722110,Full-service restaurants,14,07/01/2010,,"(34.0346, -118.2315)"
0000908293-0001-9,PIZZARITO INC,PIZZARITO,4371 GLENCOE AVENUE #B-7,MARINA DEL REY,90292-6400,4371 GLENCOE 90292-6400,,,,722110,Full-service restaurants,11,06/01/1984,,"(33.9857, -118.438)"
0000002505-0002-5,SOUTHSIDE PIZZA INC,DOMINOS PIZZA,3631 CRENSHAW BLVD #113,LOS ANGELES,90016-4869,3631 CRENSHAW 90016-4869,5314 PAYLOR LANE,LAKEWOOD RANCH,34240-2202,722110,Full-service restaurants,10,04/15/1997,,"(34.0228, -118.335)"
0002705431-0001-1,DECARLO PIZZA,,12460 VENICE BLVD,LOS ANGELES,90066-3804,12460 VENICE 90066,,,,,,11,10/13/2013,,"(34.003, -118.4347)"
0002431580-0001-6,VITO'S PIZZA INC (VITO DI DONATO),VITO'S PIZZA INC.,846 N LA CIENEGA BLVD,LOS ANGELES,90069-4708,846 LA CIENEGA 90069-4708,,,,722110,Full-service restaurants,5,07/12/2007,,"(34.0861, -118.3764)"
0002367467-0001-0,WESTERN PIZZA ENTERPRISES INC,DOMINOS PIZZA #8113,12237 SANTA MONICA BLVD,WEST LOS ANGELES,90025-2517,12237 SANTA MONICA 90025-2517,7200 A WINDSOR DRIVE,ALLENTOWN,18106-9318,722410,Drinking places (alcoholic beverages),11,03/10/2008,,"(34.0398, -118.465)"
0002375344-0010-1,SOUTHERN CALIFORNIA PIZZA CO LLC,PIZZA HUT 26143,1555 S WESTERN AVENUE,LOS ANGELES,90006-4233,1555 WESTERN 90006-4233,POST OFFICE BOX #638,NIXA,65714-0638,722211,Limited-service eating places,10,08/25/2009,,"(34.0442, -118.309)"
0000982597-0001-9,"Z PIZZA STORES, INC",,123 N LARCHMONT BLVD,LOS ANGELES,90004-3704,123 LARCHMONT 90004-3704,POST OFFICE BOX #4139,MISSION VIEJO,92690-4139,,,4,10/27/1999,,"(34.0734, -118.3236)"
0002375344-0044-6,SOUTHERN CALIFORNIA PIZZA CO LLC,PIZZA HUT 26182,1411 LINCOLN BLVD #6,VENICE,90291-6504,1411 LINCOLN 90291-6504,POST OFFICE BOX #638,NIXA,65714-0638,722211,Limited-service eating places,11,08/25/2009,,"(33.9979, -118.4608)"
0002375344-0027-6,SOUTHERN CALIFORNIA PIZZA CO LLC,PIZZA HUT 26189,19371 SATICOY STREET UNIT #C,RESEDA,91335-2361,19371 SATICOY 91335-2361,POST OFFICE BOX #638,NIXA,65714-0638,722211,Limited-service eating places,3,08/25/2009,,"(34.2083, -118.5551)"
0002420465-0001-0,SC PIZZA KING INC,CAS DI PIZZA AND SUBS | WESTHILLS PIZZA CO.,7543 FALLBROOK AVENUE,WEST HILLS,91307-1504,7543 FALLBROOK 91307-1504,,,,722110,Full-service restaurants,12,05/01/2009,,"(34.2074, -118.6234)"
0002375344-0016-1,SOUTHERN CALIFORNIA PIZZA CO LLC,PIZZA HUT 26162,1014 W MARTIN LUTHER KING JR BLVD,LOS ANGELES,90037-1817,1014 MARTIN LUTHER KING JR 90037-1817,POST OFFICE BOX #638,NIXA,65714-0638,722211,Limited-service eating places,9,08/25/2009,,"(34.0108, -118.2919)"
0002697324-0001-9,8 LA PIZZAS LLC,,433 N CAMDEN DRIVE SUITE #1070,BEVERLY HILLS,90210-4434,433 CAMDEN 90210-4434,,,,532290,Other consumer goods rental,0,09/01/2009,,"(34.0691, -118.4045)"
0000025760-0001-7,THE PIZZA COOKERY INC,THE PIZZA COOKERY,6209 TOPANGA CANYON BLVD,WOODLAND HILLS,91367-2213,6209 TOPANGA CANYON 91367-2213,,,,722110,Full-service restaurants,3,04/01/1975,,"(34.183, -118.6059)"
0002375344-0020-9,SOUTHERN CALIFORNIA PIZZA CO LLC,PIZZA HUT 26177,8947 W PICO BLVD,LOS ANGELES,90035-3332,8947 PICO 90035-3332,POST OFFICE BOX #638,NIXA,65714-0638,722211,Limited-service eating places,5,08/25/2009,,"(34.0552, -118.387)"
0002718459-0001-2,"GYRO & PIZZA HOUSE, LLC",,18112 PARTHENIA STREET,NORTHRIDGE,91325-3399,18112 PARTHENIA 91325-3399,,,,722110,Full-service restaurants,12,11/18/2013,,"(34.2286, -118.5278)"
0000008435-0001-3,LA PIZZA LOCA INC,LA PIZZA LOCA INC #31,610 S RAMPART BLVD #31,LOS ANGELES,90057-3213,610 RAMPART 90057-3213,9550 FIRESTONE BLVD SUITE #105,DOWNEY,90241-5560,722110,Full-service restaurants,1,04/16/1992,,"(34.0621, -118.2815)"
0002375344-0046-2,SOUTHERN CALIFORNIA PIZZA CO LLC,PIZZA HUT 26196,4408 VINELAND AVENUE,NORTH HOLLYWOOD,91602-2116,4408 VINELAND 91602-2116,POST OFFICE BOX #638,NIXA,65714-0638,722211,Limited-service eating places,4,08/25/2009,,"(34.1506, -118.3702)"
0002229821-0001-4,LA FOGATA RESTAURANT AND PIZZA,,4431 S VERMONT AVENUE,LOS ANGELES,90037-2413,4431 VERMONT 90037-2413,,,,,,9,05/01/2006,,"(34.0033, -118.2915)"
0000655875-0002-1,HANKS PIZZA OF LA LLC,,442 W MANCHESTER AVENUE,PLAYA DEL REY,90293-7734,442 MANCHESTER 90293-7734,735 N SYCAMORE AVENUE #6,LOS ANGELES,90038-3331,,,11,07/01/2009,,"(33.9563, -118.4426)"
0002369425-0002-9,LUCIFER PIZZA LLC,LUCIFERS PIZZA,7123 MELROSE AVENUE,LOS ANGELES,90046-7617,7123 MELROSE 90046-7617,,,,722110,Full-service restaurants,5,08/23/2012,,"(34.0834, -118.3447)"
0002613045-0001-6,PIZZAGRAPHY INC,APOLLONIA'S PIZZERIA,5176 WILSHIRE BLVD,LOS ANGELES,90036-4303,5176 WILSHIRE 90036-4303,1216 S SYCAMORE AVENUE,LOS ANGELES,90019-1533,722110,Full-service restaurants,4,04/24/2012,,"(34.0621, -118.3424)"
0000116820-0016-5,"E. M.  PIZZA, INC.",DOMINOS PIZZA,7213 FOOTHILL BLVD,TUJUNGA,91042-2718,7213 FOOTHILL 91042-2718,416 N GLENDALE AVENUE UNIT #102,GLENDALE,91206-3326,722110,Full-service restaurants,7,11/05/2012,,"(34.2487, -118.2888)"
0000116820-0010-6,"E. M.  PIZZA, INC.",DOMINO'S PIZZA,5065 HOLLYWOOD BLVD,LOS ANGELES,90027-6133,5065 HOLLYWOOD 90027-6133,416 N GLENDALE AVENUE #202,GLENDALE,91206-3327,722110,Full-service restaurants,13,09/01/2011,,"(34.1017, -118.2997)"
0000002978-0001-9,THE BEST PIZZA INC,QUICKIE'S PIZZA,4362 LAUREL CANYON BLVD,STUDIO CITY,91604-1709,4362 LAUREL CANYON 91604-1709,,,,722110,Full-service restaurants,2,12/01/1999,,"(34.1496, -118.3964)"
0002613844-0001-7,CRUZER PIZZA,CRUZER PIZZA & PASTA,4449 PROSPECT AVENUE,LOS ANGELES,90027-5503,4449 PROSPECT 90027-5503,306 W 3RD STREET APARTMENT #415,LOS ANGELES,90013-1117,238990,All other specialty trade contractors,4,04/30/2012,,"(34.1017, -118.2862)"
0002375344-0045-4,SOUTHERN CALIFORNIA PIZZA CO LLC,PIZZA HUT 26191,8023 LANKERSHIM BLVD,NORTH HOLLYWOOD,91605-1610,8023 LANKERSHIM 91605-1610,POST OFFICE BOX #638,NIXA,65714-0638,722211,Limited-service eating places,6,08/04/2009,,"(34.2167, -118.3877)"
0000116820-0004-1,"E. M.  PIZZA, INC.",DOMINO'S PIZZA STORE #8358,1381 W SUNSET BLVD,LOS ANGELES,90026-4449,1381 SUNSET 90026-4449,416 N GLENDALE AVENUE #202,GLENDALE,91206-3327,722110,Full-service restaurants,1,08/12/2003,,"(34.0737, -118.2516)"
0002773919-0001-1,DELICIOUS PIZZA WEST ADAMS LLC,DELICIOUS PIZZA,5419 W ADAMS BLVD,LOS ANGELES,90016-2603,5419 ADAMS 90016,5419 W ADAMS BLVD BUILDING,LOS ANGELES,90016-2603,722110,Full-service restaurants,10,04/22/2014,,"(34.0324, -118.3608)"
0000998874-0001-2,JAG PIZZA INC,DOMINOS PIZZA,520 W AVENUE 26 #B,LOS ANGELES,90065-1016,520 AVENUE 26 90065-1016,,,,722110,Full-service restaurants,1,03/21/2003,,"(34.084, -118.2226)"
0000424934-0001-5,CALIFORNIA PIZZA KITCHEN INC,CALIFORNIA PIZZA KITCHEN,1001 BROXTON AVENUE,LOS ANGELES,90024-2803,1001 BROXTON 90024-2803,12181 W BLUFF CREEK DRIVE FLOOR #5TH,PLAYA VISTA,90094-2627,722110,Full-service restaurants,5,06/07/1999,,"(34.0625, -118.4469)"
0002375344-0019-5,SOUTHERN CALIFORNIA PIZZA CO LLC,PIZZA HUT 26176,12217 SANTA MONICA BLVD,LOS ANGELES,90025-2589,12217 SANTA MONICA 90025-2589,POST OFFICE BOX #638,NIXA,65714-0638,722211,Limited-service eating places,11,08/25/2009,,"(34.0399, -118.4647)"
0002760030-0001-5,ANTHONY'S ITALIAN PIZZA KITCHEN INC,CAFE AL DENTE,12215 VENTURA BLVD SUITE #112,STUDIO CITY,91604-2533,12215 VENTURA 91604-2533,,,,722110,Full-service restaurants,2,02/01/2014,,"(34.1432, -118.3985)"
0002375344-0021-7,SOUTHERN CALIFORNIA PIZZA CO LLC,PIZZA HUT 26178,3959 WILSHIRE BLVD,LOS ANGELES,90010-3315,3959 WILSHIRE 90010-3315,POST OFFICE BOX #638,NIXA,65714-0638,722211,Limited-service eating places,10,08/25/2009,,"(34.0617, -118.313)"
0002604292-0002-6,PIE SQUARED PIZZA LLC,PIZZA REV,12103 VENTURA BLVD,STUDIO CITY,91604-2605,12103 VENTURA 91604-2605,2535 TOWNSGATE ROAD SUITE #101,WESTLAKE VILLAGE,91361-5967,722110,Full-service restaurants,2,08/08/2012,,"(34.1447, -118.3949)"
0002723278-0001-9,PADRINO'S PIZZA INC,PADRINO'S PIZZA,13328 BURBANK BLVD,SHERMAN OAKS,91401-5321,13328 BURBANK 91401-5321,,,,722300,Special food services (including food service contractors & caterers),4,12/08/2013,,"(34.1721, -118.4231)"
0002606836-0001-8,MR PIZZA JVP LLC,,350 E 1ST STREET,LOS ANGELES,90012-3902,350 1ST 90012-3902,,,,722211,Limited-service eating places,14,02/24/2012,,"(34.0495, -118.2395)"
0000267398-0001-2,CHI CHIS PIZZA INC,,9080 TAMPA AVENUE,NORTHRIDGE,91324-3523,9080 TAMPA 91324-3523,9205 ALABAMA AVENUE #A,CHATSWORTH,91311-5859,722110,Full-service restaurants,12,07/01/1973,,"(34.2349, -118.5535)"
0000002505-0001-7,SOUTHSIDE PIZZA INC,DOMINOS PIZZA,950 W MANCHESTER AVENUE,LOS ANGELES,90044-4916,950 MANCHESTER 90044-4916,5314 PAYLOR LANE,LAKEWOOD RANCH,34240-2202,722110,Full-service restaurants,8,08/05/1996,,"(33.96, -118.2906)"
0002375344-0032-2,SOUTHERN CALIFORNIA PIZZA CO LLC,PIZZA HUT 26213,7136 VAN NUYS BLVD,VAN NUYS,91405-3005,7136 VAN NUYS 91405-3005,POST OFFICE BOX #638,NIXA,65714-0638,722211,Limited-service eating places,6,08/25/2009,,"(34.2001, -118.4487)"
0002390116-0001-1,AMECI PIZZA & PASTA,,7550 TAMPA AVENUE #G,RESEDA,91335-2481,7550 TAMPA 91335-2481,,,,722110,Full-service restaurants,3,01/01/2005,,"(34.2074, -118.5535)"
0000247627-0001-4,MR PIZZA INC,MR PIZZA,412 N FAIRFAX AVENUE,LOS ANGELES,90036-1717,412 FAIRFAX 90036-1717,2290 HUNTINGTON DRIVE SUITE #200,SAN MARINO,91108-2639,722110,Full-service restaurants,5,11/01/1972,,"(34.0785, -118.3614)"
0002375344-0081-1,SOUTHERN CALIFORNIA PIZZA CO LLC,PIZZA HUT - 28345,11146 PALMS BLVD,LOS ANGELES,90034-6503,11146 PALMS 90034-6503,POST OFFICE BOX #638,NIXA,65714-0638,722110,Full-service restaurants,5,11/13/2012,,"(34.019, -118.4226)"
0000116820-0012-2,"E. M.  PIZZA, INC.",DOMINO'S PIZZA #8131,6051 HOLLYWOOD BLVD,HOLLYWOOD,90028-5485,6051 HOLLYWOOD 90028-5485,416 N GLENDALE AVENUE SUITE #202,GLENDALE,91206-3327,722110,Full-service restaurants,13,07/30/2012,,"(34.1016, -118.3212)"
0002845737-0001-3,MOD SUPERFAST PIZZA (CALIFORNIA) LLC,MOD SUPERFAST PIZZA,8985 VENICE BLVD SUITE #K,LOS ANGELES,90034-3347,8985 VENICE 90034-3347,POST OFFICE BOX #6939,BELLEVUE,98008-0939,722300,Special food services (including food service contractors & caterers),5,08/31/2015,,"(34.0274, -118.3918)"
0000532043-0003-4,PRIMA PIZZA INC,DOMINO'S PIZZA,3309 W PICO BLVD,LOS ANGELES,90019-4530,3309 PICO 90019-4530,5314 PAYLOR LANE,LAKEWOOD RANCH,34240-2202,722110,Full-service restaurants,10,10/01/1999,,"(34.0471, -118.3158)"
0000897428-0001-7,MAMAS GRILL PIZZA & PASTA INC,,3311 MOTOR AVENUE,LOS ANGELES,90034-3711,3311 MOTOR 90034-3711,,,,722110,Full-service restaurants,5,07/01/2004,,"(34.029, -118.4105)"
0002844096-0001-6,PIZZA MOON INC,,2619 S WESTERN AVENUE,LOS ANGELES,90018-2628,2619 WESTERN 90018-2628,,,,722110,Full-service restaurants,8,07/28/2015,,"(34.0316, -118.3089)"
0002796385-0001-3,"DOWNTOWN L.A. PIZZA, LLC",JOE'S PIZZA DOWNTOWN,613 S SPRING STREET,LOS ANGELES,90014-1902,613 SPRING 90014-1902,1709 WILCOX AVENUE,LOS ANGELES,90028-5103,722211,Limited-service eating places,14,01/30/2015,,"(34.0457, -118.251)"
0002825660-0001-1,"THE COOP PIZZA, INC.",,10006 NATIONAL BLVD,LOS ANGELES,90034-3809,10006 NATIONAL 90034,,,,,,5,04/01/2015,,"(34.0291, -118.4044)"
0002826030-0001-9,SLICETRUCK PIZZA,,2012 SAWTELLE BLVD,LOS ANGELES,90025-6230,2012 SAWTELLE 90025-6230,,,,722110,Full-service restaurants,11,05/05/2015,,"(34.0408, -118.4435)"
0002746279-0002-6,ENCHANTED PIZZA INC,PAPA JOHN'S PIZZA,8949 SUNLAND BLVD,SUN VALLEY,91352-2844,8949 SUNLAND 91352-2844,POST OFFICE BOX #126,PACIFIC PALISADES,90272-0126,722211,Limited-service eating places,7,09/17/2014,,"(34.2317, -118.3667)"
0002664632-0003-3,I-PIZZA TUMBY'S INC,,1059 S ALVARADO STREET,LOS ANGELES,90006-3711,1059 ALVARADO 90006-3711,,,,722110,Full-service restaurants,1,12/01/2014,,"(34.0508, -118.2804)"
0002766428-0001-4,MVP PIZZA INCORPORATED,,525 S GAFFEY STREET,SAN PEDRO,90731-2437,525 GAFFEY 90731-2437,,,,722110,Full-service restaurants,15,08/01/2014,,"(33.7394, -118.2923)"
0002842452-0001-1,PLANK 47 PIZZA LLC,,4551 S CENTINELA AVENUE,LOS ANGELES,90066-6249,4551 CENTINELA 90066-6249,,,,722211,Limited-service eating places,11,05/01/2015,,"(33.9919, -118.4221)"
0002550399-0001-5,BRENTWOOD PIZZA INC,CAFE SAN GENNARO,140 S BARRINGTON PLACE,LOS ANGELES,90049-3306,140 BARRINGTON 90049-3306,11827 DOROTHY STREET APARTMENT #9,LOS ANGELES,90049-5478,722211,Limited-service eating places,11,03/29/2011,,"(34.0664, -118.4693)"
0002829272-0002-9,COTTI FOODS PIZZA CALIFORNIA,PIEOLOGY #8051,9118 RESEDA BLVD,NORTHRIDGE,91324-3030,9118 RESEDA 91324-3030,29889 SANTA MARGARITA PARKWAYS,RANCHO SANTA MARGARITA,92688-3609,722110,Full-service restaurants,12,03/10/2015,,"(34.2357, -118.536)"
0002777191-0001-7,"NICK'S BAKERY & PIZZA, INC",NICK'S BAKERY & PIZZA,13318 VICTORY BLVD,VAN NUYS,91401-1831,13318 VICTORY 91401-1831,,,,722211,Limited-service eating places,2,04/01/2014,,"(34.1866, -118.4232)"
0002218097-0002-6,"MR PIZZA WESTERN, INC",MR PIZZA EXPRESS,735 E 12TH STREET SUITE #406,LOS ANGELES,90021-2264,735 12TH 90021-2264,,,,722211,Limited-service eating places,14,01/01/2015,,"(34.033, -118.252)"
0002641504-0002-1,THE PIZZA STUDIO OPERATING COMPANY LLC,THE PIZZA STUDIO,735 S FIGUEROA STREET SUITE #115,LOS ANGELES,90017-2561,735 FIGUEROA 90017-2561,26010 MUREAU ROAD APARTMENT #140,CALABASAS,91302-3173,722211,Limited-service eating places,14,09/15/2013,,"(34.0488, -118.2603)"
0002781728-0001-5,BERRI'S PIZZA WESTWOOD INC,BERR'S PIZZA,11078 SANTA MONICA BLVD,LOS ANGELES,90025-3561,11078 SANTA MONICA 90025-3561,8412 W 3RD STREET,LOS ANGELES,90048-4112,722211,Limited-service eating places,5,11/01/2014,,"(34.0476, -118.4439)"
0002375344-0083-7,SOUTHERN CALIFORNIA PIZZA CO LLC,PIZZA HUT 30641,2405 S VERMONT AVENUE,LOS ANGELES,90007-1661,2405 VERMONT 90007-1661,POST OFFICE BOX #638,NIXA,65714-0638,722300,Special food services (including food service contractors & caterers),8,11/15/2014,,"(34.0342, -118.2915)"
0002774951-0001-6,MELODY PIZZA LLC,,9146 S SEPULVEDA BLVD,LOS ANGELES,90045-4804,9146 SEPULVEDA 90045-4804,9132 S SEPULVEDA BLVD,LOS ANGELES,90045-4804,722211,Limited-service eating places,11,09/20/2014,,"(33.9533, -118.3961)"
0002604292-0007-7,PIE SQUARED PIZZA LLC,,3150 WILSHIRE BLVD SUITE #114,LOS ANGELES,90010-1204,3150 WILSHIRE 90010-1204,2535 TOWNSGATE ROAD SUITE #101,WESTLAKE VILLAGE,91361-5967,722110,Full-service restaurants,10,10/01/2014,,"(34.0617, -118.2905)"
0002844564-0001-7,IPIZZA LLC,EXTREME PIZZA,1067 GLENDON AVENUE,LOS ANGELES,90024-2907,1067 GLENDON 90024-2907,,,,722211,Limited-service eating places,5,07/30/2015,,"(34.0613, -118.4443)"
0002817549-0001-5,DELICIOUS PIZZA LLC,,16000 VENTURA BLVD SUITE #1102,ENCINO,91436-2767,16000 VENTURA 91436-2767,649 BEACHPORT DRIVE,PORT HUENEME,93041-3066,999999,Unclassified establishments (unable to classify),5,01/02/2015,,"(34.156, -118.4814)"
0002861109-0001-6,"GODSONS PIZZA, LLC",GODSON' S PIZZA,22417 S VERMONT AVENUE,TORRANCE,90502-2449,22417 VERMONT 90502,22417 S VERMONT AVENUE,TORRANCE,90502-2449,454390,"Other direct selling establishments (including door-to-door retailing, frozen food plan providers, party plan merchandisers, & coffee-break service providers)",0,11/15/2015,,"(33.8229, -118.2903)"
0002805079-0001-4,PIZZA BROTHER INC,D'AMORES PIZZA,1136 WESTWOOD BLVD,LOS ANGELES,90024-3412,1136 WESTWOOD 90024-3412,,,,722110,Full-service restaurants,5,09/01/2014,,"(34.0601, -118.445)"
0002780105-0001-8,NIKKIS PIZZA INC,,16851 VICTORY BLVD #9,VAN NUYS,91406-5560,16851 VICTORY 91406-5560,,,,722110,Full-service restaurants,6,10/10/2014,,"(34.1866, -118.5002)"
0002838413-0001-9,WHITE HOUSE PIZZA CAFE INC,,6541 HOLLYWOOD BLVD SUITE #101,LOS ANGELES,90028-6271,6541 HOLLYWOOD 90028,6541 HOLLYWOOD BLVD SUITE #101,LOS ANGELES,90028-6271,722110,Full-service restaurants,13,06/26/2015,,"(34.1015, -118.3323)"
0002803695-0001-8,90-SECOND PIZZA LLC,,8834 W PICO BLVD,LOS ANGELES,90035-3302,8834 PICO 90035,9595 WILSHIRE BLVD SUITE #502,BEVERLY HILLS,90212-2505,722211,Limited-service eating places,5,01/01/2015,,"(34.0549, -118.3845)"
0002641504-0001-2,THE PIZZA STUDIO OPERATING COMPANY LLC,THE PIZZA STUDIO,3584 S FIGUEROA STREET,LOS ANGELES,90007-4313,3584 FIGUEROA 90007-4313,26010 MUREAU ROAD APARTMENT #140,CALABASAS,91302-3173,722211,Limited-service eating places,9,12/01/2012,,"(34.0191, -118.2817)"
0002375344-0004-7,SOUTHERN CALIFORNIA PIZZA CO LLC,PIZZA HUT 25408,611 E IMPERIAL HIGHWAY,LOS ANGELES,90059-2358,611 IMPERIAL 90059-2358,POST OFFICE BOX #638,NIXA,65714-0638,722110,Full-service restaurants,15,10/01/2008,,"(33.931, -118.2635)"
0000300286-0001-8,PAPA JOHN'S PIZZA,,8823 W PICO BLVD #A,LOS ANGELES,90035-3301,8823 PICO 90035-3301,,,,722110,Full-service restaurants,5,,,"(34.0548, -118.3842)"
0000156082-0001-8,SANTORINI PIZZA,,18345 VANOWEN STREET,RESEDA,91335-5439,18345 VANOWEN 91335,,,,722110,Full-service restaurants,3,,,"(34.1938, -118.5326)"
0000540305-0001-9,RAFFALO'S PIZZA,,1657 N LA BREA AVENUE,LOS ANGELES,90028-6901,1657 LA BREA 90028-6901,,,,722110,Full-service restaurants,13,,,"(34.1012, -118.345)"
0000043780-0001-2,"PIZZA GUY FILM,LLC",,7033 W SUNSET BLVD #314,LOS ANGELES,90028-7564,7033 SUNSET 90028,,,,512100,Motion picture & video industries (except video rental),4,,,"(34.0979, -118.3426)"
0000943452-0002-3,AMECI PIZZA KITCHEN,,12450 BURBANK BLVD UNIT #M,NORTH HOLLYWOOD,91607-4740,12450 BURBANK 91607-4740,,,,722110,Full-service restaurants,2,05/15/2010,,"(34.1721, -118.4041)"
0002563447-0001-4,MUSE PIZZA LLC,JOE'S PIZZA ON HOLLYWOOD,6504 HOLLYWOOD BLVD,LOS ANGELES,90028-6210,6504 HOLLYWOOD 90028-6210,6508   HOLLYWOOD BLVD,LOS ANGELES,90028-6210,722211,Limited-service eating places,13,05/01/2011,,"(34.1015, -118.3311)"
0002890482-0001-0,OLD SICILY PIZZA,,12061   STRATHERN STREET,NORTH HOLLYWOOD,91605-1415,12061 STRATHERN 91605-1415,,,,454390,"Other direct selling establishments (including door-to-door retailing, frozen food plan providers, party plan merchandisers, & coffee-break service providers)",6,06/08/2015,,"(34.2158, -118.3959)"
0002848267-0001-5,FAMOUS PIZZA JOINT INC,BIG MAMA'S AND PAPA'S PIZZERIA,5219 LANKERSHIM BLVD,NORTH HOLLYWOOD,91601-3110,5219 LANKERSHIM 91601-3110,5219 LANKERSHIM BLVD,NORTH HOLLYWOOD,91601-3110,722211,Limited-service eating places,2,08/01/2015,,"(34.1654, -118.3749)"
0002664632-0001-7,I-PIZZA TUMBY'S INC,TUMBYS PIZZA,3567 S WESTERN AVENUE,LOS ANGELES,90018-3825,3567 WESTERN 90018-3825,1800 W 39TH STREET,LOS ANGELES,90062-1020,722110,Full-service restaurants,8,02/26/2013,,"(34.0234, -118.3088)"
0000532043-0004-2,PRIMA PIZZA INC,DOMINOS PIZZA,4257 W 3RD STREET,LOS ANGELES,90020-3448,4257 3RD 90020-3448,5314 PAYLOR LANE,LAKEWOOD RANCH,34240-2202,722110,Full-service restaurants,10,06/01/2004,,"(34.0691, -118.307)"
0000685939-0001-4,NICKY D'S WOOD-FIRED PIZZA LLC,,2764 ROWENA AVENUE,LOS ANGELES,90039-2721,2764 ROWENA 90039-2721,,,,722110,Full-service restaurants,4,08/01/2002,,"(34.1074, -118.2642)"
0000337157-0001-3,NY PIZZA CO INC ET AL,,1066 GAYLEY AVENUE,LOS ANGELES,90024-3402,1066 GAYLEY 90024-3402,,,,424400,Grocery & related products,5,10/21/1980,,"(34.0612, -118.4473)"
0002103837-0001-3,TONY PIZZA,,1527 N MCCADDEN PLACE APARTMENT #21,LOS ANGELES,90028-7186,1527 MCCADDEN 90028-7186,1330   QUINTERO STREET   APARTMENT #1,LOS ANGELES,90026-7100,,,13,01/01/2000,,"(34.0984, -118.3375)"
0002645058-0001-7,PIT FIRE PIZZA CO INC,,1905 LINCOLN BLVD,VENICE,90291-3909,1905 LINCOLN 90291-3909,2434   LINCOLN BLVD   FLOOR #3,VENICE,90291-6035,454390,"Other direct selling establishments (including door-to-door retailing, frozen food plan providers, party plan merchandisers, & coffee-break service providers)",11,08/15/1997,,"(33.9959, -118.4567)"
0002911284-0001-4,PUNKS PIZZA GARAGE INC,PABLITOS PERUVIAN KITCHEN,1619 S BENTLEY AVENUE   #201,LOS ANGELES,90025-3586,1619 BENTLEY 90025-3586,,,,454390,"Other direct selling establishments (including door-to-door retailing, frozen food plan providers, party plan merchandisers, & coffee-break service providers)",5,05/01/2016,,"(34.049, -118.4445)"
0002905399-0001-1,ALL STAR PIZZA 8 LLC,ALL STAR PIZZA 8,3272 W SLAUSON AVENUE,LOS ANGELES,90043-2564,3272 SLAUSON 90043-2564,,,,722110,Full-service restaurants,8,03/01/2016,,"(33.9889, -118.3293)"
0002888007-0001-2,BRAVO PIZZA AND CHICKEN LLC,,10544   MAGNOLIA BLVD,NORTH HOLLYWOOD,91601-4115,10544 MAGNOLIA 91601-4115,,,,722211,Limited-service eating places,4,02/04/2016,,"(34.1648, -118.3607)"
0002916667-0001-0,"DELICIOUS PIZZA SUNSET BLVD, LLC",,6601 W SUNSET BLVD,LOS ANGELES,90028-7103,6601 SUNSET 90028,6601 W SUNSET BLVD,LOS ANGELES,90028-7103,722211,Limited-service eating places,13,08/01/2016,,"(34.0982, -118.3335)"
0002921121-0001-7,WKS PIZZA CORP,BLAZE PIZZA #1182,7888   VAN NUYS BLVD,PANORAMA CITY,91402-6069,7888 VAN NUYS 91402,POST OFFICE BOX #39,LAKEWOOD,90714-0039,,,6,11/17/2016,,"(34.2154, -118.4476)"
0002896980-0001-5,BRAAZO PIZZA INC,,100  1/2 W 7TH STREET,LOS ANGELES,90014-1906,100 7TH 90014-1906,,,,722110,Full-service restaurants,14,03/21/2016,,"(34.0438, -118.2515)"
0002922242-0001-4,PIZZA 90 INC,PIZZA 90,15301   VENTURA BLVD   SPACE #P11,SHERMAN OAKS,91403-5891,15301 VENTURA 91403-5891,8871   RESEARCH DRIVE,IRVINE,92618-4236,722110,Full-service restaurants,4,07/20/2016,,"(34.1558, -118.4674)"
